ID,total_cost
tour_1,18112214.835
tour_100,17248516.02
tour_1001,16479998.535
tour_1006,4047180.16
tour_1009,23794356.776
tour_1010,1395151.61
tour_1014,7774712.953199999
tour_1015,2420290.6179
tour_1019,1003981.729
tour_1020,6197992.585
tour_1023,11275926.327
tour_1025,21532304.430999998
tour_1031,31698403.279999994
tour_1037,7647711.11
tour_1044,4398673.5962000005
tour_1053,7491905.856500001
tour_1056,4191962.2370999996
tour_106,23664530.51
tour_1064,7005601.7354999995
tour_1069,13025510.011
tour_1077,1044395.5550000002
tour_1084,3792298.1
tour_1087,4771376.3795
tour_1089,926636.83
tour_1091,1281600.735
tour_1093,11360492.232
tour_1094,1733186.695
tour_110,867157.3618333333
tour_1100,5496299.541999999
tour_1101,25169426.985999998
tour_1105,6031169.495
tour_1106,14267835.685
tour_111,2150681.7559
tour_1112,22492125.859
tour_1113,7850967.37
tour_1114,1344432.995
tour_1117,3393324.67
tour_1119,2874088.0995
tour_1127,4602782.535
tour_1140,1975749.8804999997
tour_1141,2549174.44
tour_1143,5110479.5
tour_1145,1688254.7619999999
tour_1148,1928784.0369999998
tour_1153,1818796.5815
tour_1156,3256339.4874999993
tour_1157,2495536.1845
tour_1160,947183.662
tour_1169,12460920.805600002
tour_1170,2315718.4385
tour_1177,899082.9592857143
tour_1180,5797895.235
tour_1185,4884284.897000001
tour_1187,1692738.75
tour_1189,31870250.62
tour_119,13393122.153499998
tour_1199,1245308.169
tour_120,1001284.45
tour_1204,22658571.585699998
tour_1206,9703348.85
tour_1218,1208098.705
tour_1223,2905310.79
tour_1225,7434070.9055
tour_1227,4415157.527
tour_1228,313947.12033333327
tour_1229,4332421.6
tour_1232,9578447.3366
tour_1236,25252879.91
tour_1237,2167028.0245
tour_124,4401709.468
tour_1240,2277396.974
tour_1243,634535.6
tour_125,3469668.7125
tour_1250,21079809.042
tour_1251,15476574.39
tour_1255,4035695.9672000003
tour_1257,5423972.9745000005
tour_1258,12109279.7168
tour_1264,1836799.878
tour_1266,3161581.4124399996
tour_1268,11315590.385
tour_1269,1809254.698
tour_127,10774851.770499999
tour_1270,1435310.07
tour_1272,1013714.85
tour_1277,2053218.0547999998
tour_1280,5360452.13
tour_1283,22054111.94
tour_1284,18189192.5242
tour_1285,7498319.18
tour_1288,3453326.7569999998
tour_1292,3250777.517
tour_1293,3700471.58
tour_1297,4990727.615
tour_1299,6365401.65
tour_130,844668.0145
tour_1300,2309014.79
tour_1301,1917433.4225
tour_1307,5401619.3889999995
tour_131,586723.09444
tour_1317,6511066.036599999
tour_1318,6354344.359000001
tour_1320,6656759.339000001
tour_1322,1672402.0994999998
tour_1323,4349998.56
tour_1341,737582.704
tour_1346,2462409.8525
tour_1348,2950240.755
tour_1352,9497943.552000001
tour_1354,10077262.6075
tour_1355,8494334.957500001
tour_1365,585448.33664
tour_1366,11859071.860199999
tour_1374,4209471.41
tour_1378,926687.0059
tour_1389,2856555.7036
tour_1392,963909.8823333334
tour_1396,2281318.85
tour_1398,6091729.2567
tour_140,1055637.35
tour_1403,1599223.6530000002
tour_1407,12138561.5845
tour_1416,1228966.278
tour_1421,5648217.54
tour_1424,10304625.3367
tour_1428,16379020.629199998
tour_1433,2659604.5
tour_1434,6300506.275899999
tour_1435,1892253.7642857144
tour_1437,1421526.83
tour_1438,1542039.82
tour_1441,996577.4500000003
tour_1442,2872150.7918000002
tour_1449,2223746.205
tour_1450,15903971.957999999
tour_1451,838788.745
tour_1459,11465325.62
tour_1463,318501.31091999996
tour_1468,3486790.585
tour_1470,203201.009
tour_1477,3849479.2337
tour_1479,29525421.93
tour_1484,2729322.6359
tour_1488,30826554.78
tour_1497,7543516.701600001
tour_1499,7483949.12
tour_15,5822421.197000001
tour_1502,10519531.5559
tour_1503,4783385.977
tour_1515,12754681.668200001
tour_1517,30490468.991
tour_1521,15627912.3225
tour_1522,914112.3602857143
tour_1523,9925005.3675
tour_1527,4436122.695
tour_153,5143817.63
tour_1532,12068726.751600001
tour_1535,1927859.945
tour_1539,6840917.825
tour_154,12395586.707000002
tour_1540,3944127.5410000007
tour_1544,3468667.857
tour_1546,732463.7225
tour_1549,3478518.064
tour_1552,13044251.291
tour_1553,6628277.475
tour_1554,2734205.1980000003
tour_1557,2271408.0919999997
tour_1566,12861398.9669
tour_1568,676693.325
tour_1569,13060662.062999997
tour_158,2097539.52
tour_1583,24419894.309639998
tour_1584,13138405.5541
tour_1588,5291781.02
tour_159,23615391.470399998
tour_1594,2650003.2464
tour_1595,8501259.5495
tour_160,9590658.5015
tour_1603,10931416.591500007
tour_1608,2882480.712
tour_161,7569940.6603999995
tour_1611,6485602.8
tour_1615,5607357.137999999
tour_1622,2780310.9
tour_1624,13729810.017
tour_1625,8888589.545
tour_1627,5360481.935
tour_1630,367083.3716666667
tour_1632,10794836.412
tour_1637,18524847.8
tour_164,4647408.065
tour_1641,1132482.1504999995
tour_1643,36397588.76
tour_1649,5256528.2945
tour_1650,19785980.5158
tour_1651,13663351.5125
tour_1654,1981770.745
tour_1657,22019168.946999997
tour_1660,1670100.3725
tour_1668,4119690.8090000004
tour_167,3954186.9515
tour_1674,14901182.4395
tour_1676,26006626.6666
tour_1680,10897729.5935
tour_1682,8156498.1
tour_1689,717398.025
tour_1695,5891712.43425
tour_1696,1723968.8195
tour_1699,12987184.6941
tour_1704,325780.52857142856
tour_171,5003310.375
tour_1711,287855.155
tour_1717,13113082.6424
tour_1718,2837911.619
tour_1734,50326512.1
tour_1743,15715054.772
tour_1744,21642246.383333337
tour_1745,13149337.172
tour_175,16154609.9342
tour_1754,17605387.751
tour_1759,28438902.795
tour_1766,22301722.253333334
tour_177,11264746.561000004
tour_1770,42666405.3602
tour_1772,2553224.7191
tour_1773,34332800.121
tour_1777,6422602.659200001
tour_178,2151686.077
tour_179,1095500.3675
tour_1792,15349305.09375
tour_1793,20820243.64
tour_1796,17216625.172000002
tour_1804,4446213.42
tour_1809,9497263.93
tour_1815,3368405.3250000007
tour_1819,8601527.375
tour_1820,7146042.205
tour_1826,13630395.632000001
tour_1827,22235848.395999998
tour_183,9026812.29
tour_1830,11741838.97
tour_1834,5528895.238999998
tour_1836,6014546.104000001
tour_1839,8603905.673
tour_1843,27649779.766999997
tour_1846,8418180.0625
tour_1849,9911221.85
tour_1856,20729342.9125
tour_1863,9972131.8011
tour_1864,4669561.555
tour_1865,6826185.215
tour_1868,5512309.184000001
tour_1874,2752123.25
tour_1879,32394677.25
tour_188,1730519.7617
tour_1888,1090459.75
tour_1889,33655570.65
tour_1892,18017759.97
tour_1894,8955492.929499999
tour_1901,5007545.7
tour_1903,24881313.22
tour_191,37030334.755200006
tour_1910,1590616.0
tour_1912,26217096.295
tour_1924,11579157.3
tour_1928,26161997.305
tour_1932,21221993.352999996
tour_1939,10231436.9839
tour_1948,11377482.640999999
tour_1951,21619970.985
tour_1952,17291201.2612
tour_1954,9816176.952
tour_1955,23070654.1
tour_1957,7029791.6181
tour_196,10688720.37
tour_1964,1887358.825
tour_1966,12141101.256799998
tour_1976,20193150.9
tour_198,1698679.445
tour_1983,15311708.34
tour_1984,20437094.347
tour_1987,20719097.72
tour_1989,6817674.6482
tour_199,4187093.5512
tour_1990,699562.327
tour_1991,14331605.357
tour_1992,1695578.545
tour_1994,18902551.233
tour_1995,17679256.536
tour_1998,12227962.045
tour_200,9778243.0758
tour_2007,4620534.5295
tour_201,977834.42875
tour_2010,8706698.919999998
tour_2011,15528321.05
tour_2012,1581152.4695
tour_2013,7936356.4081
tour_2014,801932.46
tour_2017,27068052.8444
tour_2023,13077318.558200002
tour_2025,22231779.827666663
tour_2030,5962625.4045
tour_2035,6821971.7745
tour_2044,17880374.546
tour_2051,502288.714
tour_2053,10738833.023
tour_2056,20584271.5
tour_2061,14775267.822999999
tour_2062,8212067.175
tour_2065,5797157.2795
tour_2066,5629523.645
tour_2074,11220860.364
tour_2075,8377252.548250001
tour_2086,10709069.13375
tour_209,5382618.801
tour_2091,22081273.195
tour_2097,2424420.8654
tour_21,14913910.6169
tour_2102,1180593.8620599997
tour_2108,3695744.6744999997
tour_2117,2666149.6380000003
tour_2120,421942.02728
tour_2126,9475405.804200001
tour_2127,1537458.975
tour_2128,12304506.5
tour_2132,3441544.6714999997
tour_2133,23189289.825
tour_2137,2779880.5585
tour_2141,6863066.912800001
tour_2142,32543400.65
tour_2147,9976054.511
tour_2148,9403024.977
tour_2150,928633.0375
tour_2165,1145724.332
tour_2167,33575047.6366
tour_2171,1729183.6755
tour_2173,24564467.716
tour_2174,9310237.754
tour_2181,6511885.166200001
tour_2189,1162634.8375
tour_2192,1516119.9319999998
tour_2193,750380.525
tour_2197,1150246.275
tour_2198,3694743.975
tour_220,30653162.467000004
tour_2208,22083932.292999998
tour_2214,10026963.242000002
tour_2215,5063784.8445
tour_2219,1936995.955
tour_222,1615419.525
tour_2224,8842322.75
tour_2225,1921411.175
tour_2226,34876386.277600005
tour_2227,3716442.4675
tour_2232,8788727.717
tour_2235,908692.4204266667
tour_2238,15450702.3235
tour_224,1554968.475
tour_2244,889677.7719999999
tour_2245,3923034.45
tour_2247,6030085.343333334
tour_2249,2326926.265
tour_2256,17026599.265
tour_2257,1131636.44
tour_2259,7199248.665
tour_226,1541933.75
tour_2262,10760639.3075
tour_2264,3822556.145
tour_2269,26967857.014166664
tour_227,9003256.6695
tour_2272,20769641.1
tour_2273,2061064.8
tour_2275,1782838.705
tour_2279,16154536.745
tour_2287,1872380.975
tour_229,512535.64
tour_2293,11146487.642933333
tour_2298,1642703.55
tour_2300,2210683.1289999997
tour_2303,37187407.11
tour_2304,1453038.1560000002
tour_2307,2898279.5914
tour_2309,6332206.34
tour_2316,1624636.48
tour_2320,1285138.33
tour_2322,29218083.966599997
tour_2323,12701939.325499997
tour_2332,1859153.635
tour_2335,6253780.8605
tour_234,6850108.1995
tour_2340,6961988.382
tour_2341,8305837.74
tour_2350,5556670.830999999
tour_2359,8982797.3625
tour_236,14029493.59
tour_2363,18785142.58
tour_2365,32820193.03
tour_2366,7272536.2137
tour_2369,7592226.4125
tour_237,19386953.845
tour_2379,16371482.856199998
tour_239,14109725.307
tour_2390,4883855.392999999
tour_2393,7630070.257999999
tour_2397,8138359.509
tour_2404,770405.9155
tour_2406,1425553.3590000002
tour_2413,3678380.69
tour_2415,1264453.375
tour_2418,594277.2
tour_2427,6120226.035
tour_2430,1060792.16
tour_2431,14319058.674
tour_2432,4436163.71
tour_2437,20786527.04
tour_244,6047749.585
tour_2442,7482230.995
tour_2452,22989675.097799998
tour_2456,40723065.68
tour_2460,20746918.158800002
tour_2464,1055545.965
tour_2467,10780180.671000002
tour_2468,14768883.312200002
tour_247,19505335.905
tour_2472,8828432.515
tour_2473,4041055.0960000004
tour_2474,13331468.41
tour_2477,25576991.226000004
tour_248,19057459.856000002
tour_2481,37263241.74
tour_2491,671871.6579999999
tour_2494,3249021.8995
tour_2496,13914839.53
tour_2497,8273017.1925
tour_2506,8893812.38253333
tour_2508,10733580.2356
tour_2509,808178.345
tour_2512,8517263.446899999
tour_2513,21579212.1412
tour_2514,7179908.078
tour_2520,22602172.245
tour_2522,5240345.425
tour_2523,18792944.775
tour_2531,2057421.9139999999
tour_2539,7275734.425
tour_2541,4660721.12
tour_2546,8872113.26
tour_2552,7770695.768000001
tour_2554,1803708.36
tour_2555,385155.4375
tour_2556,656614.93
tour_2561,881585.55
tour_2568,715383.1240000001
tour_2571,2814808.7095
tour_2577,3154163.5319999997
tour_2581,17653160.428600002
tour_2582,7288437.807999999
tour_2589,2414535.873
tour_2591,1321212.922
tour_2593,11992641.053499999
tour_2595,15199891.360374998
tour_2596,16250124.59
tour_2597,4555749.935
tour_2599,23586299.757600002
tour_26,12574070.1395
tour_2603,1044733.74
tour_2604,14725382.170999998
tour_261,20061168.183333334
tour_2612,1947158.8630000001
tour_2614,14194192.974200001
tour_2616,5620654.235
tour_2619,16005690.462866666
tour_262,8518310.452
tour_2624,8778672.674
tour_2626,952007.5785714285
tour_2628,3492306.6
tour_2640,6188441.717
tour_2641,1657642.205
tour_2642,5200756.0185
tour_2645,3735313.0540000005
tour_2649,18644123.515
tour_2653,5184686.135
tour_2657,908971.853
tour_266,144491.48864
tour_2668,3270092.393
tour_267,2933223.671000001
tour_2676,1732574.489
tour_268,11838193.212400002
tour_2681,1994405.324
tour_2683,34835547.605
tour_2686,2738782.8696399997
tour_2688,10228067.142800001
tour_269,1394559.27
tour_2690,8884783.325
tour_2691,5671411.37
tour_2692,5453700.0995000005
tour_2700,16862546.251399998
tour_2704,8636127.422
tour_2706,12226625.459
tour_2707,12415832.300375
tour_2713,11087933.150766665
tour_272,18562376.65
tour_2720,6094235.9504
tour_2724,708194.325
tour_2732,2559897.3705
tour_2738,8090830.237999998
tour_2740,8178555.323499999
tour_2744,5014929.373
tour_2747,26942723.581
tour_2752,7978362.647099999
tour_2761,6552869.933999999
tour_2763,36096855.665
tour_2766,7632146.709500001
tour_2779,33142712.278899997
tour_278,4295254.92315
tour_2781,9106731.4635
tour_2784,648559.5025
tour_2787,1503698.14
tour_279,10604847.4165
tour_2790,2774245.2934399997
tour_2796,18272544.287199996
tour_2797,12917987.5
tour_2799,4932133.495
tour_280,1830650.531
tour_2803,2516752.3485
tour_2805,1020101.03
tour_2808,11125821.395
tour_2812,27961420.172
tour_282,673924.475
tour_2821,876938.46
tour_2822,39975331.295
tour_2823,4719123.465
tour_2825,15142818.088
tour_2832,6063164.5139999995
tour_284,741767.06
tour_2843,5851599.967999999
tour_2848,2505243.275
tour_2852,1411793.523
tour_2853,24400430.8311
tour_2854,834852.98
tour_2857,962895.47
tour_2868,14633568.289
tour_2869,3419551.9689999996
tour_2873,3366335.0825000005
tour_2874,13698647.868666667
tour_2877,23564769.082
tour_2878,1081672.1435
tour_2879,13187393.43625
tour_288,6422418.6
tour_2893,7867492.557
tour_2897,8098072.59
tour_2898,3353660.0109999995
tour_29,1777576.0535
tour_2901,4583376.067
tour_2907,3374828.13
tour_2914,18328589.189958334
tour_2923,1862753.915
tour_2925,15877959.8775
tour_2926,3820354.785
tour_2927,24298611.820400015
tour_2928,24684034.9544
tour_2931,2865726.180499999
tour_2934,4268332.7
tour_2941,2080692.75
tour_2947,5085995.99
tour_2948,2882208.36
tour_2951,2009204.6655000001
tour_2953,10043847.265
tour_2955,3655780.069166667
tour_2956,13457568.643000001
tour_2964,6004115.454
tour_2967,5215545.353999999
tour_2983,1893076.5989999997
tour_2986,19759705.267750002
tour_2989,2665951.69
tour_2995,1375377.134
tour_3,2041475.486
tour_300,22142310.895
tour_3020,9667041.001900002
tour_3021,8900712.7835
tour_3025,15512932.170999998
tour_3029,837604.3183333332
tour_3030,7450024.205
tour_3034,7627839.6673
tour_3045,9434610.525
tour_3058,4822967.415
tour_3065,1153726.525
tour_308,32128116.965
tour_3083,1631746.7935
tour_3085,7330502.153000002
tour_3094,662355.6227714285
tour_3096,3076775.25
tour_3097,9014467.9016
tour_3098,9462223.468
tour_3099,564503.1385
tour_310,5579646.708
tour_3101,1273484.8930000002
tour_3106,13425124.315399999
tour_311,945001.74
tour_3110,23044120.536874995
tour_312,17495194.11
tour_3122,607337.9288399998
tour_3123,881585.55
tour_3125,1578860.045
tour_3128,4843916.065
tour_313,13421515.875
tour_3133,34074107.466
tour_3134,10291952.099000005
tour_3136,9000700.048000002
tour_3139,7636250.0375
tour_3141,1251526.36
tour_3145,17098313.062666666
tour_3147,3542437.0929999994
tour_315,319494.33
tour_3165,19562742.2509
tour_3168,821074.275
tour_3179,8686211.863000002
tour_3191,13400536.890999999
tour_3195,6158802.4875
tour_320,2023100.72
tour_3208,16420760.728
tour_3209,13268316.175
tour_3210,44896432.65230001
tour_3212,22729491.680999998
tour_3217,29526118.504
tour_3218,30465861.147800002
tour_323,10811559.800999999
tour_3233,657044.7916666667
tour_3235,8893727.5412
tour_3237,4473442.8447
tour_3244,2786715.8875
tour_3247,19879210.2292
tour_3249,30632504.431599997
tour_3252,5764075.954100001
tour_3254,4960904.985
tour_3257,8312372.675198592
tour_3259,567863.285
tour_3261,1601109.58
tour_3267,8820812.3685
tour_3269,324901.8679999999
tour_3271,30494236.1765
tour_3273,723091.375
tour_3283,6615209.589500001
tour_329,1960387.0598
tour_33,11894769.363333335
tour_3303,8620597.331333337
tour_3304,368683.46
tour_3306,4334932.553
tour_3310,13132793.066
tour_3312,4942414.7782
tour_3316,32222491.515400007
tour_3319,9643512.228
tour_3322,26167975.129499998
tour_3326,6346731.7317
tour_3327,6550817.13125
tour_333,2811901.377999999
tour_3332,11509078.555
tour_3334,24390883.485
tour_3335,35294125.386
tour_3339,2216132.5579999997
tour_334,1984618.5744999999
tour_3342,8632447.2225
tour_3345,7622707.417
tour_3346,10371696.7805
tour_3350,2617815.39
tour_3353,9887072.605
tour_3358,743919.32
tour_336,2782752.142
tour_3361,1779772.1359599992
tour_3365,5202681.9095
tour_337,4370795.901000001
tour_3372,194935.0
tour_3384,1011915.00834
tour_3389,15056260.375
tour_3392,27534787.853600003
tour_3404,37360355.11
tour_341,34703451.122
tour_3414,718404.195
tour_3421,7002252.1892
tour_3423,12888902.593
tour_3425,9079770.361666668
tour_3426,615982.8232
tour_343,645905.3287142857
tour_3441,439406.28
tour_3444,10592772.095
tour_345,1089676.975
tour_3451,1802277.2854999998
tour_3455,8885551.4721
tour_3459,500067.9
tour_346,23081885.652
tour_3462,8699282.939126192
tour_3465,1696366.275
tour_3473,15428224.279100003
tour_3476,359412.279
tour_3479,22660054.117
tour_348,15891057.666
tour_3480,28627446.18
tour_3485,12857197.568
tour_3494,24388973.16
tour_3497,12821174.092
tour_35,432664.46174999996
tour_3504,14510222.6284
tour_3513,6102736.29
tour_3516,617689.6
tour_3523,10070607.748999998
tour_3525,8375781.1169
tour_3526,2321194.467261905
tour_353,69717403.425
tour_3530,23663148.045
tour_3533,1559144.7
tour_3535,3798759.86
tour_3540,312390.0962222222
tour_3548,8988054.581000002
tour_356,1019581.0730000001
tour_3561,18293530.875
tour_3562,17213016.998
tour_3567,1171225.695
tour_3571,4942241.786666666
tour_3572,12153221.701399999
tour_3579,10060464.07
tour_3589,13347661.521999998
tour_3593,2556387.495
tour_3598,9201483.857333334
tour_36,1378702.7
tour_3600,8935943.2203
tour_3603,11760488.842500003
tour_3605,8504904.242
tour_3609,7972894.6472
tour_361,16308396.8781
tour_3610,5564980.946842857
tour_3613,2625133.6
tour_3615,8560804.57375
tour_3618,22461420.37166667
tour_3620,19238790.49
tour_3622,9702925.53
tour_3623,28634690.295
tour_3626,27526085.925
tour_3637,4518216.742
tour_364,2394877.597
tour_3644,7218070.632
tour_3645,6928875.6808
tour_3650,3534376.225
tour_3654,16294135.6732
tour_3657,1384611.875
tour_3659,283888.30600000004
tour_3662,456829.91
tour_3665,704112.555
tour_3668,315267.07
tour_367,5106057.703
tour_3674,1776353.49
tour_3679,6368439.186000001
tour_3680,12839293.899
tour_3684,3353601.9181999997
tour_3690,20379693.841
tour_3691,3507343.075
tour_3692,11204057.57
tour_3693,4312655.339799999
tour_3704,1306064.61
tour_3709,3085031.9945
tour_3711,12808025.971350003
tour_3715,2348910.037
tour_3716,14431900.0331
tour_3722,773753.8577976191
tour_3723,605031.4
tour_3726,32621153.415
tour_3727,761382.475
tour_373,843555.285
tour_3732,3596268.735
tour_3739,19705303.181
tour_374,2424086.115
tour_3742,13716217.4811
tour_3750,9243240.64
tour_3751,7583250.790583334
tour_3758,1212861.1135
tour_3759,2680006.59
tour_3761,17135209.423
tour_3768,248800.23791999999
tour_3771,579058.75
tour_3773,1203936.92
tour_3774,343978.03799999994
tour_3776,3219334.659
tour_3779,4663938.545
tour_378,2447151.8765
tour_3787,14386527.316200001
tour_379,4980477.147000001
tour_3795,5310926.5545
tour_3798,13705374.39375
tour_3802,1675141.8090000001
tour_3827,18376122.375
tour_3828,21628402.575
tour_3830,34857639.375
tour_3832,19452049.25
tour_3833,18493755.98
tour_3834,8889886.404583333
tour_384,3411721.2335
tour_3841,2134885.57875
tour_3845,401309.325
tour_385,9146610.8445
tour_3855,5808826.051666668
tour_3856,1259026.4791666665
tour_3857,230496.87600000002
tour_386,3638655.1475
tour_3864,372131.273
tour_3866,1999179.24
tour_3869,2934399.7689
tour_387,1452646.2769999998
tour_3870,12869265.772
tour_3872,285565.9425
tour_3873,8022358.082200002
tour_3877,6624982.601999999
tour_3879,602934.685
tour_389,12722708.825
tour_3896,1213272.821
tour_390,11876373.5275
tour_3902,8327650.799000001
tour_3908,18346609.321000002
tour_3912,10132127.653
tour_3915,2422174.16
tour_3916,16345388.14
tour_3917,2566057.014
tour_3928,23129147.5666
tour_3930,34857639.375
tour_3934,2226830.0025
tour_3935,6107528.768199999
tour_3936,4161990.1736666667
tour_3938,9820096.4601
tour_3939,100340.95292
tour_3940,11402960.307846319
tour_3942,8627390.2544
tour_3945,2505731.89
tour_3954,1330900.37
tour_3966,1556121.655
tour_3970,28847757.545200005
tour_3989,26620171.891
tour_3990,6598370.4835
tour_3993,29875777.97680001
tour_3995,8702346.635499999
tour_3996,8002142.916500001
tour_3999,17734879.29
tour_4000,163536.975
tour_4010,10222998.724166665
tour_4015,5063087.8719999995
tour_4016,29622995.337600004
tour_4019,11425081.988000002
tour_402,1951466.9145
tour_4020,1145264.4
tour_4032,9246579.781249998
tour_4033,17402160.46
tour_4034,2164537.185
tour_4035,9246579.781249998
tour_4037,9246579.781249998
tour_404,504157.455
tour_4042,2410946.1425
tour_4048,10220835.939500002
tour_405,16705843.366500001
tour_4050,5667671.183999999
tour_4051,760454.195
tour_406,1965943.605
tour_4061,452057.3035714286
tour_4069,14485501.398
tour_4070,1912959.93
tour_4073,15783823.21
tour_4081,17906620.1745
tour_4082,3756224.1468999996
tour_4088,4904869.3434999995
tour_4089,3810339.4176999996
tour_41,959388.953
tour_4102,11402688.375
tour_4103,32176084.456000004
tour_4104,36533585.543000005
tour_4109,8996593.743
tour_411,14068729.255
tour_4111,9230697.090000002
tour_4116,1040436.8
tour_4126,16632753.046000002
tour_4132,3928643.36
tour_4136,10289267.539
tour_4138,7693219.261500001
tour_4139,495897.6775
tour_414,486429.96128
tour_4141,15072666.91
tour_4143,4989482.2275
tour_4144,8755724.3245
tour_4145,4016544.2725
tour_4146,639350.89
tour_4151,1378753.95
tour_4152,616562.955
tour_4162,2006119.706
tour_4163,9463219.5395
tour_4166,11949365.9487
tour_4173,3280502.745
tour_4174,22895663.563
tour_4175,8892944.5092
tour_4177,1251466.30375
tour_4178,12613543.2694
tour_418,1695973.215
tour_4182,3756224.1468999996
tour_4184,1336315.4925
tour_4185,1694035.2652599995
tour_4188,8618291.391
tour_419,16670407.032599997
tour_4192,6576635.716500001
tour_4194,29457666.505
tour_4196,7161711.895
tour_4199,16530387.481
tour_42,994572.625
tour_4204,1180985.9425
tour_4211,43108007.078600004
tour_4212,13450321.892333334
tour_4217,26883020.203200005
tour_4219,16914691.001375
tour_4226,395019.44821428566
tour_4228,34549921.168000005
tour_4229,829931.73
tour_423,3829415.508
tour_4234,773445.555
tour_4235,422007.485
tour_424,1243734.6453999998
tour_4247,5033550.236099999
tour_4250,461257.185
tour_4253,7647631.5370000005
tour_4260,9030142.6234
tour_4268,442691.485
tour_4280,6250307.4655
tour_4284,10588794.25
tour_4289,14372451.742
tour_4293,8791071.3915
tour_4294,1561807.0581500002
tour_4296,3386595.39
tour_4298,4889015.593
tour_43,2540627.1795
tour_4302,22651602.198
tour_4317,8129734.194500002
tour_4321,11025982.365
tour_4327,10954116.5552
tour_4328,13377610.594
tour_4330,8177013.428883333
tour_434,3705486.995
tour_4340,6283088.8457
tour_4347,2138909.922
tour_435,16012229.615
tour_4350,620318.64
tour_4354,2027267.195
tour_4358,6868529.295
tour_4363,10378777.042000001
tour_4365,11101255.588874998
tour_4372,1687964.793
tour_4374,4512297.79
tour_438,1904943.035
tour_4381,1986111.28
tour_4384,835125.7465
tour_4386,9363181.530599998
tour_4394,8092042.192000001
tour_4396,3911982.812
tour_4402,30887351.906000003
tour_4411,538955.8583333334
tour_4417,15178559.348599998
tour_442,758547.6
tour_4420,10722069.486
tour_4421,398145.485
tour_4425,9881581.67283333
tour_4435,660211.06
tour_4443,8500704.3888
tour_4444,594539.0375
tour_4445,13400148.915333332
tour_4448,8177013.428883333
tour_4449,34539215.81249999
tour_4451,1300061.2
tour_4463,927914.0190000001
tour_4464,4883573.0395
tour_4467,24331530.665200006
tour_4470,2325366.3795
tour_4474,6555501.17
tour_4475,4609103.1725
tour_4479,2066065.735
tour_4487,1115549.005
tour_4491,2878278.975
tour_4492,1590402.25
tour_4496,518324.6130952381
tour_4497,7535121.769000001
tour_4499,7297772.751000001
tour_4501,352417.2
tour_4507,31613413.425
tour_4508,7892252.758391666
tour_4509,789550.125
tour_451,1402879.1073333335
tour_4514,2723631.47
tour_4520,15357819.98
tour_4521,6286166.63
tour_4529,786166.4125
tour_4533,10592366.7116
tour_4543,2191993.0071999994
tour_4549,31006126.9206
tour_4562,13231065.951599997
tour_4569,33969235.5181
tour_4571,8872470.305
tour_4575,31231261.425
tour_4578,5666009.908499999
tour_4581,1636339.4440000001
tour_459,15696224.409000002
tour_460,4136518.2679999997
tour_4602,7863767.098400006
tour_4603,12406869.721000005
tour_4618,16387325.755
tour_4620,23507752.913000003
tour_4621,25193484.4775
tour_4625,2285926.309
tour_463,3232975.45
tour_4641,37360355.11
tour_4659,928464.7085000001
tour_4666,2653635.825
tour_467,3623045.4960000003
tour_4675,12009990.972166667
tour_4679,8710090.76
tour_4681,9544474.379
tour_4682,7212890.153
tour_4691,4720926.959
tour_4698,742848.295
tour_470,17200681.015
tour_4702,11202798.4
tour_4704,21425211.835
tour_4707,2905938.455
tour_4712,4052097.9
tour_4721,4501767.1857
tour_4722,14735163.5675
tour_4723,11303051.781100001
tour_473,2696493.8249999993
tour_4730,2917161.7245
tour_4739,3938006.6275
tour_4742,4635419.473
tour_4743,5959810.248
tour_4756,5296648.188999999
tour_476,2694416.8345000003
tour_4769,10497185.092
tour_477,2751957.85
tour_4782,9634191.86
tour_4784,539066.47
tour_4787,9627251.668
tour_4807,4006707.115
tour_4811,25523896.475
tour_4812,5537914.3625
tour_4816,11159965.527
tour_482,8468890.036999999
tour_4820,1988797.2189999998
tour_4822,6530681.058999999
tour_4824,30561839.945
tour_4826,2896336.259166667
tour_4827,893590.22
tour_4829,515697.189
tour_4831,590793.79
tour_4832,2826659.5625
tour_4837,2005658.325
tour_4844,2848504.81
tour_4846,4823551.0194999995
tour_4848,1079214.9540000001
tour_4851,5932547.087
tour_4854,34079577.14
tour_4869,13633723.5014
tour_4873,7036312.62
tour_4876,9858945.014
tour_4878,1559089.0839999998
tour_488,9212917.105
tour_489,15678481.586999997
tour_4892,4337114.28
tour_4896,423164.987
tour_49,783750.565
tour_4903,1433600.1770000001
tour_4905,14520519.7325
tour_4909,1761146.7275
tour_4918,16150789.057
tour_4926,18690009.525
tour_493,13802930.0076
tour_4931,4003259.7481
tour_4935,11415359.076
tour_4938,1862705.7514999998
tour_4939,9475285.342
tour_4940,15189207.615
tour_4945,10284320.533499999
tour_4948,30230143.971200004
tour_4954,3441371.1344999997
tour_4956,11195978.345
tour_4960,2731449.1615
tour_4961,3203476.0099999993
tour_4962,3805325.955
tour_4971,2545977.043
tour_4975,10632055.3182
tour_4978,4142590.9795000004
tour_4980,3763855.5135000004
tour_4981,499810.05
tour_4988,6505869.8632
tour_499,1204087.1530000002
tour_4995,12677918.485
tour_4998,8686211.863000002
tour_5004,1559144.7
tour_5008,7201617.5505
tour_5009,19210076.925
tour_5012,8239503.72625
tour_5015,7386746.01625
tour_5016,5531671.38
tour_502,2978560.994
tour_5024,7608113.095200001
tour_5033,2038429.1519999998
tour_5038,2724141.07
tour_5039,4082491.3175
tour_5041,6971910.331666666
tour_5042,16777687.46
tour_5046,5083346.8
tour_5050,2788423.5810000002
tour_5059,10000230.035699999
tour_5060,5782980.84375
tour_5062,28844063.625
tour_5066,434903.1523809524
tour_5075,780641.15
tour_5081,10562554.188
tour_5090,15882037.947
tour_5094,16854336.669
tour_5096,1294378.885
tour_5099,19614686.798
tour_5103,2964252.43
tour_5104,18087225.91375
tour_5111,19091333.625
tour_5113,14632752.435
tour_5127,8537359.677000001
tour_5129,11675691.777000003
tour_5138,23788529.29
tour_514,534642.874
tour_5140,1048717.475
tour_5143,272146.75200000004
tour_515,4930738.655
tour_5154,14184046.337000001
tour_5155,6744993.022999999
tour_5160,7154839.6765
tour_5162,3217070.8935
tour_5168,12162266.418
tour_517,2706001.15
tour_5174,3921798.6034999997
tour_5178,1414765.675
tour_5179,457808.7708333334
tour_5180,1611713.51864
tour_5183,877071.0
tour_5186,458840.8798333334
tour_5188,2865030.095
tour_5189,8903469.408999998
tour_5193,23245191.770999998
tour_5194,12940959.757000001
tour_5196,9202922.45399999
tour_5199,647992.9839285715
tour_5203,402589.475
tour_5204,655663.85
tour_521,1532190.14
tour_5212,25080052.4
tour_5213,8118880.512200001
tour_5215,850815.4045000001
tour_5216,15105412.15
tour_5217,16333573.514766665
tour_5219,10620019.929000001
tour_5222,10210355.6509
tour_5226,4582572.914500001
tour_5235,11426212.219700001
tour_5240,1211457.3
tour_5242,394215.43444
tour_525,2922484.2375
tour_5254,5542010.661499999
tour_5256,12983564.4315
tour_5262,15991845.023352273
tour_5266,25599328.192800008
tour_5267,11064801.038100002
tour_5271,7961669.349600003
tour_5278,26657800.5976
tour_5282,21288482.337600004
tour_5284,538355.3
tour_5287,10956422.9765
tour_5292,195295.34722222225
tour_5295,113949.83333333331
tour_5298,8429023.042100001
tour_5302,5527898.24
tour_5303,17510133.875
tour_5308,2797886.7229999993
tour_5309,18184449.075
tour_531,2991566.325
tour_532,2060402.5275
tour_5325,8778107.091500001
tour_5334,18657985.346999995
tour_5337,2547470.515
tour_5341,15077666.748333337
tour_5342,7515612.9520000005
tour_5343,823621.3002714285
tour_5349,144491.48864
tour_5350,5202303.7982
tour_5354,17568368.44
tour_5355,13105901.785999997
tour_536,13342580.881
tour_5360,12335107.423000002
tour_5362,209681.03383333332
tour_5367,13457854.336
tour_5369,18578437.509
tour_5379,4782209.665
tour_538,29093361.599749997
tour_5380,23443789.87
tour_5386,8358456.2342
tour_5389,10895818.652999999
tour_539,10350768.512
tour_5393,15940537.513200002
tour_5397,6449255.0348333325
tour_54,2916974.422
tour_5403,587204.3037142857
tour_5405,510044.0
tour_5406,8423668.2728
tour_5407,12280190.830999998
tour_5409,710602.41
tour_5410,16310942.2994
tour_5420,4707841.375
tour_5423,6375462.704
tour_543,2375339.1364999996
tour_5431,11871479.063199999
tour_5432,22899337.111599997
tour_5438,3235170.5930000003
tour_5444,9684760.0472
tour_5450,6048062.163
tour_5452,1618706.0979999998
tour_5461,7737437.460781927
tour_5465,222695.06458666667
tour_5470,389652.31875
tour_5477,6541941.6835
tour_5479,9333983.348000001
tour_5481,5926129.252
tour_5483,10123174.633000001
tour_5486,209681.03383333332
tour_549,677255.4892857143
tour_5490,12632934.022
tour_5491,7758973.230499997
tour_5492,695835.0476666667
tour_5495,2093715.09
tour_5499,24626043.467600003
tour_550,1269017.43
tour_5506,362556.51875
tour_5508,27200630.797
tour_5509,12361857.896
tour_5512,13751264.191
tour_5519,439406.28
tour_5521,153258.25
tour_5524,659318.075
tour_5525,508378.53928571433
tour_5527,781379.925
tour_5529,410278.625
tour_553,1992449.165
tour_5531,619807.5625
tour_5546,8184917.603999999
tour_5549,3172552.8019999997
tour_5552,16437261.75
tour_5553,21790378.966
tour_5555,26297472.517699994
tour_556,8383762.3435
tour_5566,13063158.24
tour_5567,21646586.11
tour_5569,1486403.98
tour_557,5951440.043500001
tour_5586,7729546.448
tour_5588,5242738.835
tour_559,1220239.5709400002
tour_5590,13842443.16
tour_5600,25260427.671000004
tour_5601,1449819.1206999999
tour_5603,255851.4
tour_5609,238759.275
tour_561,20773776.397600003
tour_5610,271783.692
tour_5613,509978.1107142857
tour_5617,2082756.69
tour_5618,578956.65
tour_5619,1503788.5
tour_562,11276511.087000001
tour_5625,725071.993
tour_5628,1787830.384
tour_5629,4709158.9627
tour_5635,174042.983
tour_5639,13002970.46
tour_5644,245454.03
tour_5647,770269.9556547616
tour_5660,6848862.48
tour_5661,3080430.645
tour_567,1366572.045
tour_5671,730437.45
tour_5675,642504.5035714286
tour_5676,15862304.18
tour_5677,10913834.387700005
tour_5680,5303218.305
tour_5690,726398.275
tour_5692,840824.91875
tour_5698,989218.04
tour_570,5736510.85
tour_5700,28901484.014000002
tour_5702,5829370.0275
tour_5704,8579072.922766665
tour_5708,4182522.2145
tour_5709,11176948.040000003
tour_5711,13685854.0525
tour_5715,372212.065
tour_5720,49915657.33150001
tour_5725,7835151.2891666675
tour_573,2340727.592
tour_5733,8524416.939675001
tour_5737,3617867.445
tour_5740,23569374.683000002
tour_5747,386588.3812533333
tour_5748,8712637.5385
tour_5749,6902745.510999999
tour_5750,3183825.4398000003
tour_5751,3148777.15
tour_5764,4780542.07
tour_5768,9065919.5882
tour_5770,7659734.839
tour_5773,5898178.125
tour_5775,14468006.5
tour_5778,32796863.564399995
tour_5779,3286842.85
tour_5781,29011743.142200004
tour_5782,7817385.06
tour_5783,898013.84
tour_5787,8016993.700000002
tour_5796,2114693.285
tour_5804,32756895.11
tour_5808,2076415.66
tour_5810,8189313.26
tour_5811,16709854.72975
tour_5814,1301612.334
tour_5815,3940129.2741666664
tour_582,2812214.9536400004
tour_5823,2517755.3835
tour_5824,8440308.8027
tour_5827,4442321.593800002
tour_5829,5594468.824
tour_5835,7257292.546
tour_5840,42939526.5
tour_5845,5681748.815099998
tour_5847,24980910.1
tour_5851,416680.6299199999
tour_5854,1106975.06
tour_5856,43263204.8716
tour_5862,2922484.2375
tour_5868,5256987.625
tour_5879,5880631.594642857
tour_5884,11212362.1206
tour_5888,12777586.586899998
tour_5893,8673375.33
tour_5895,1492980.0544999999
tour_5902,761396.4635
tour_5906,19513739.305999998
tour_5909,12857397.018
tour_5910,3671116.5445
tour_5919,4318523.9675
tour_5923,3033738.6820000005
tour_5928,12646918.320500001
tour_5936,16032665.557
tour_5937,6184316.978999999
tour_5938,6562426.2825
tour_5943,1690525.507
tour_5946,5111817.975
tour_5947,6989590.899
tour_595,13358312.89
tour_5951,4887890.232
tour_5955,3226260.01
tour_5957,4689467.825
tour_5960,1092007.6666666665
tour_5965,9145048.512666667
tour_5967,1600878.73
tour_597,10235406.15475
tour_5974,7686364.943083333
tour_598,3503161.6689999998
tour_5980,28914065.375
tour_5997,905812.5
tour_60,6450459.09
tour_600,5219445.983
tour_6000,1092148.275
tour_6002,747110.14
tour_6013,3801747.9790999996
tour_602,18518615.818099998
tour_6023,17979886.405
tour_6024,2941968.4614999997
tour_6026,18014630.6168
tour_6029,22214628.79
tour_603,9066868.497000001
tour_6035,5611532.55
tour_604,1115680.525
tour_6044,544094.62864
tour_6047,3537186.8245000006
tour_605,1271287.945
tour_6054,27142455.7356
tour_6057,12612568.4436
tour_606,10302706.436600002
tour_6064,4831631.395
tour_6070,2300740.054
tour_6075,7908296.455875001
tour_6076,19009805.195
tour_6078,8831181.747
tour_6081,11032515.535
tour_6083,13880766.305
tour_609,3703177.25
tour_6100,17710967.625
tour_6106,15489841.28
tour_6113,13408794.128200002
tour_6118,268146.74799999996
tour_6123,1190936.12
tour_6126,540074.81
tour_6127,4144384.6266666665
tour_6128,933837.065
tour_6129,455081.364
tour_6131,291061.55
tour_6144,735931.5240000001
tour_6146,1138892.2810000002
tour_6151,1313826.3895
tour_6157,157961.66333333333
tour_6160,1071341.625
tour_6161,348574.185
tour_6170,116709.66666666669
tour_6172,594277.2
tour_6174,291061.55
tour_6191,1001211.79
tour_6195,520339.975
tour_6199,654205.2
tour_62,7123019.8270000005
tour_620,1900941.8375
tour_6202,405255.53199999995
tour_6204,524251.94
tour_6209,183865.4
tour_6213,1393681.275
tour_6215,1584378.15
tour_6218,2993852.7
tour_6228,1071341.625
tour_6237,121113.0
tour_6241,2031786.7780000002
tour_6244,303072.03
tour_625,710788.445
tour_6252,636778.6415
tour_6261,157535.9
tour_6262,229392.9
tour_6263,125151.9365079365
tour_6266,319774.135
tour_6267,616296.9916666667
tour_6272,1233423.425
tour_6273,1661588.8075
tour_6280,621926.5666666668
tour_6281,1332487.82
tour_6282,2668122.625
tour_6284,957248.15
tour_6290,658941.75
tour_6291,724749.897
tour_6293,320840.79761904763
tour_6296,582341.2
tour_6302,6467242.36
tour_6307,876761.437
tour_6309,1068920.5
tour_6310,593107.18
tour_6322,509978.1107142857
tour_6328,676936.7
tour_6329,585769.6666666666
tour_6331,687743.9125
tour_6338,781056.85525
tour_634,487885.81
tour_6340,178714.39
tour_6342,710772.18
tour_6343,633390.78
tour_6347,252688.798
tour_6349,1178706.125
tour_6350,209850.075
tour_6351,716699.58
tour_6353,195249.125
tour_6358,1720232.425
tour_6362,404075.61299999995
tour_6363,1244898.274
tour_6365,363175.46
tour_6366,790524.1596666665
tour_6371,324601.87584
tour_6379,638172.52
tour_6383,221355.36499999996
tour_6391,614747.3568571429
tour_6404,1436314.1136666667
tour_6413,427376.1047619048
tour_6415,567032.35
tour_6416,374267.61375
tour_6417,637841.175
tour_6421,2039654.55
tour_6425,1753295.94
tour_6427,809021.9500000002
tour_6434,382024.33
tour_6437,669892.55332
tour_6442,781922.995
tour_6446,1759801.8826666665
tour_6451,544270.19
tour_6457,1533014.5
tour_6463,1136334.175
tour_6464,935719.35
tour_6467,1140265.044
tour_6472,675959.262
tour_6473,1163211.42
tour_6474,423517.4
tour_648,2748684.53
tour_653,1605291.96
tour_659,10128732.94
tour_66,9288943.5035
tour_660,11410484.261
tour_661,8143141.228999999
tour_663,858552.925
tour_665,2266198.15
tour_667,3390703.8819999998
tour_67,24512189.182000004
tour_674,831623.115
tour_677,673304.585
tour_682,5113092.8995
tour_683,10016599.755
tour_685,2812891.84
tour_690,4482622.9171
tour_7,2091525.153
tour_700,1154879.5890000002
tour_701,30555796.02
tour_704,3704986.365
tour_705,468962.37
tour_707,8073623.613000001
tour_711,20591715.18
tour_714,2431855.1385
tour_718,9337077.805
tour_726,6296808.549199999
tour_729,29638259.15
tour_733,26005227.868199997
tour_734,1561402.895
tour_735,3752570.76
tour_742,2493373.394
tour_747,5425976.075
tour_750,1947043.4344
tour_753,9898129.487
tour_757,8075439.7101
tour_759,2729824.6625
tour_764,687759.375
tour_765,2521419.17
tour_771,4216750.335000001
tour_772,5693595.801
tour_776,11659203.418
tour_780,22998948.3941
tour_787,7855729.2775
tour_791,1806946.7230000002
tour_794,2397098.105
tour_798,38331935.135
tour_805,586958.755
tour_816,1234032.605
tour_817,5854923.802999999
tour_819,8191442.725
tour_830,6749757.252
tour_831,4412873.77
tour_836,10652470.705333333
tour_837,2639797.2209
tour_843,3651924.2834999994
tour_844,11073725.1735
tour_850,5542877.592999999
tour_861,1351233.605
tour_863,4065092.4289999995
tour_870,1296265.7209
tour_874,1738514.525
tour_878,3282419.325
tour_879,1712975.645
tour_88,8915892.788000003
tour_881,822687.5852600001
tour_882,2113693.03
tour_888,2769826.36
tour_890,2303642.43864
tour_891,923364.9
tour_892,6222927.6707
tour_894,1453881.55444
tour_897,5518930.377099999
tour_901,6538783.670499999
tour_903,964957.505
tour_905,1532528.5980000002
tour_906,14263191.222199999
tour_915,10815321.93
tour_918,30227273.665999997
tour_921,834867.489
tour_923,18412228.45
tour_925,1661564.27
tour_931,11964187.51
tour_937,10101196.308
tour_938,2748541.3427
tour_941,14664016.990999999
tour_942,16444751.9875
tour_947,3572308.8045
tour_95,5486368.029
tour_950,910759.85292
tour_958,4421307.1715
tour_959,10163402.8349
tour_96,1864356.705
tour_963,2862252.276
tour_964,5452096.34
tour_965,695894.185
tour_968,15365107.935
tour_971,19213570.5865
tour_972,6714063.797
tour_977,2431689.9205
tour_988,719567.675
tour_990,27515202.544
tour_992,1583213.29644
tour_996,780473.0920000001
tour_998,6047079.06
